,City,Cloudiness,Country,Date,Humidity,Lat,Lng,Max Temp,Wind Speed
0,Punta Arenas,90,CL,1562874580,93,-53.16,-70.91,41.0,13.87
1,Mukdahan,100,TH,1562874879,89,16.54,104.73,76.89,6.06
2,Calabozo,23,VE,1562874880,72,8.92,-67.43,84.81,1.19
3,Brigham City,1,US,1562874711,8,41.51,-112.02,96.01,3.36
4,Nyazepetrovsk,84,RU,1562874882,95,56.06,59.6,53.85,2.84
5,Upernavik,0,GL,1562874595,79,72.79,-56.15,45.93,7.05
6,Tadine,54,NC,1562874885,72,-21.55,167.88,71.85,18.19
7,Kruisfontein,26,ZA,1562874886,88,-34.0,24.73,54.93,16.04
8,Aksu,0,KZ,1562874887,63,52.04,76.93,60.8,8.95
9,Chokurdakh,100,RU,1562874586,88,70.62,147.9,56.37,8.99
10,Carnarvon,0,ZA,1562874611,22,-30.97,22.13,54.75,10.07
11,Yellowknife,90,CA,1562874623,72,62.45,-114.38,60.8,9.17
12,Geraldton,75,CA,1562874892,43,49.72,-86.95,71.6,8.05
13,Gulf Gate Estates,40,US,1562874893,88,27.26,-82.51,87.01,11.41
14,Souillac,0,FR,1562874894,44,45.6,-0.6,77.0,9.17
15,Ribeira Grande,20,PT,1562874895,73,38.52,-28.7,73.4,3.36
16,Moree,0,AU,1562874897,86,-29.46,149.84,39.2,4.7
17,Saint-Philippe,1,CA,1562874706,78,45.36,-73.48,82.0,13.87
18,Ciudad Bolivar,0,VE,1562874900,49,8.12,-63.55,90.21,5.08
19,Teguldet,0,RU,1562874901,75,57.31,88.17,49.89,2.46
20,Kapaa,40,US,1562874630,74,22.08,-159.32,82.4,10.29
21,Dolores,100,UY,1562874904,73,-33.53,-58.22,71.01,1.99
22,Rikitea,26,PF,1562874575,82,-23.12,-134.97,73.65,16.73
23,Ushuaia,75,AR,1562874427,93,-54.81,-68.31,37.4,23.04
24,Grindavik,90,IS,1562874596,76,63.84,-22.43,55.4,10.29
25,Shipunovo,0,RU,1562874908,87,52.22,82.26,56.01,10.13
26,Jamestown,99,AU,1562874303,84,-33.21,138.6,50.79,18.19
27,Albany,90,US,1562874495,74,42.65,-73.75,84.0,4.7
28,Codrington,0,AU,1562874760,93,-28.95,153.24,57.0,5.82
29,Qaqortoq,20,GL,1562874913,62,60.72,-46.03,53.6,6.93
30,Port Elizabeth,75,US,1562874914,74,39.31,-74.98,90.0,13.87
31,Roald,2,NO,1562874795,87,62.58,6.12,62.6,14.99
32,Busselton,65,AU,1562874621,74,-33.64,115.35,46.0,10.58
33,Lavrentiya,3,RU,1562874733,37,65.58,-170.99,70.59,7.18
34,Stockholm,0,SE,1562874884,63,59.33,18.07,60.8,9.17
35,Tiksi,100,RU,1562874920,70,71.64,128.87,52.59,12.21
36,Mataura,100,NZ,1562874603,88,-46.19,168.86,44.01,5.01
37,Los Llanos de Aridane,20,ES,1562874763,73,28.66,-17.92,73.4,10.29
38,Ahipara,100,NZ,1562874620,90,-35.17,173.16,59.25,33.35
39,Tessalit,46,ML,1562874924,21,20.2,1.01,95.61,8.81
40,Kaduna,76,NG,1562874926,96,10.52,7.44,69.69,4.9
41,Port Blair,100,IN,1562874661,82,11.67,92.75,82.29,13.42
42,New Norfolk,20,AU,1562874687,65,-42.78,147.06,46.4,21.92
43,Boa Vista,0,BR,1562874929,63,2.82,-60.67,83.73,3.49
44,Lompoc,9,US,1562874931,35,34.64,-120.46,91.99,9.17
45,Gornyy,100,RU,1562874932,94,51.76,48.54,59.07,7.65
46,Kosino,0,PL,1562874933,67,52.56,19.93,60.01,5.82
47,Aklavik,75,CA,1562874934,61,68.22,-135.01,50.0,9.17
48,Qaanaaq,0,GL,1562874666,49,77.48,-69.36,45.21,7.92
49,San Jose,40,HN,1562874788,36,14.25,-87.96,93.2,11.41
50,Saskylakh,100,RU,1562874598,91,71.97,114.09,53.31,6.87
51,Atuona,30,PF,1562874682,78,-9.8,-139.03,81.21,20.2
52,Almaznyy,20,RU,1562874940,82,48.03,40.04,62.6,2.24
53,Vaini,96,IN,1562874627,90,15.34,74.49,76.35,2.33
54,Cabo San Lucas,5,MX,1562874732,43,22.89,-109.91,99.0,6.93
55,Longyearbyen,75,NO,1562874744,81,78.22,15.63,44.6,10.29
56,Hilo,20,US,1562874689,58,19.71,-155.08,82.99,3.36
57,Lata,20,IN,1562874946,95,30.78,78.62,41.07,2.08
58,Bambous Virieux,20,MU,1562874947,88,-20.34,57.76,66.2,8.05
59,Cabedelo,40,BR,1562874948,69,-6.97,-34.84,80.6,12.75
60,Kaitangata,100,NZ,1562874950,89,-46.28,169.85,41.0,4.0
61,Mar del Plata,0,AR,1562874572,61,-46.43,-67.52,43.59,6.62
62,Kawalu,94,ID,1562874952,98,-7.38,108.21,63.75,3.38
63,Vanavara,1,RU,1562874953,85,60.35,102.28,50.79,4.05
64,Kodiak,75,US,1562874740,18,39.95,-94.76,86.0,9.17
65,Hofn,40,IS,1562874701,67,64.25,-15.21,59.0,6.93
66,Omboue,100,GA,1562874957,90,-1.57,9.26,73.47,12.12
67,Yarada,100,IN,1562874958,82,17.65,83.27,82.29,12.73
68,Kununurra,51,AU,1562874959,76,-15.77,128.74,55.4,13.56
69,Praia da Vitoria,20,PT,1562874961,78,38.73,-27.07,75.0,4.07
70,Torata,20,EC,1562874962,69,-3.6,-79.89,89.6,9.17
71,Thompson,90,CA,1562874963,82,55.74,-97.86,59.0,5.82
72,Paamiut,36,GL,1562874964,91,61.99,-49.67,43.23,7.96
73,Bredasdorp,23,ZA,1562874573,71,-34.53,20.04,57.2,6.93
74,Honiara,20,SB,1562874967,100,-9.43,159.96,73.4,4.7
75,Seville,0,ES,1562874968,43,37.39,-6.0,89.6,11.41
76,Shihezi,5,CN,1562874969,32,44.3,86.03,74.91,8.61
77,De Aar,0,ZA,1562874786,22,-30.65,24.01,53.13,6.22
78,Moron,89,HT,1562874971,79,18.56,-74.26,81.39,6.08
79,Luangwa,0,MZ,1562874973,47,-15.62,30.4,55.83,2.53
80,Dingle,56,PH,1562874974,90,11.0,122.67,74.55,2.46
81,Biltine,100,TD,1562874975,56,14.53,20.93,84.45,17.38
82,Faanui,2,PF,1562874732,70,-16.48,-151.75,78.15,9.22
83,Kochevo,20,BG,1562874977,56,42.1,24.92,68.0,8.05
84,Mahebourg,20,MU,1562874979,88,-20.41,57.7,66.2,8.05
85,Fort Abbas,0,PK,1562874980,38,29.19,72.85,95.61,22.7
86,Pangnirtung,75,CA,1562874981,35,66.15,-65.72,73.4,8.05
87,Husavik,98,CA,1562874982,41,50.56,-96.99,82.99,8.99
88,Puerto Ayora,40,EC,1562874690,57,-0.74,-90.35,80.6,16.11
89,Manzhouli,65,CN,1562874985,52,49.6,117.43,64.29,6.87
90,Vila Velha,20,BR,1562874699,62,-3.71,-38.6,86.0,14.99
91,Labuhan,4,ID,1562874987,95,-2.54,115.51,70.59,1.03
92,Port Alfred,0,ZA,1562874589,87,-33.59,26.89,63.0,5.99
93,Chuy,100,UY,1562874631,75,-33.69,-53.46,56.73,7.7
94,Ushtobe,0,KZ,1562874991,37,45.25,77.98,72.57,19.51
95,Iqaluit,90,CA,1562874992,81,63.75,-68.52,44.6,6.93
96,Beringovskiy,0,RU,1562874993,56,63.05,179.32,66.63,2.95
97,Cape Town,40,ZA,1562874438,87,-33.93,18.42,57.99,5.82
98,Dikson,68,RU,1562874996,97,73.51,80.55,33.51,8.43
99,Nicoya,40,CR,1562874997,59,10.15,-85.45,89.6,8.05
100,Arman,0,RU,1562874999,56,59.7,150.17,68.97,1.32
101,Cabrero,75,CL,1562875000,93,-37.04,-72.4,57.2,9.17
102,Alta Floresta,0,BR,1562875001,26,-9.87,-56.08,93.2,3.36
103,Morinville,75,CA,1562875002,88,53.8,-113.65,69.01,3.36
104,Vaitape,2,PF,1562875004,70,-16.52,-151.75,78.15,9.22
105,Miri,73,NG,1562875005,90,10.31,9.75,70.77,6.04
106,Vao,41,EE,1562875006,78,59.1,26.19,45.21,1.86
107,Grande Prairie,40,CA,1562875007,64,55.17,-118.79,68.0,12.75
108,Ilulissat,40,GL,1562874702,81,69.22,-51.1,44.6,8.05
109,Constitucion,75,MX,1562875010,27,23.99,-104.67,81.0,9.17
110,Flinders,32,AU,1562875011,54,-34.58,150.85,57.2,23.04
111,Butaritari,40,KI,1562874576,73,3.07,172.79,84.63,11.92
112,Tautira,40,PF,1562875014,69,-17.73,-149.15,82.4,9.17
113,Khor,82,RU,1562875015,87,47.88,134.96,67.53,2.42
114,Cidreira,69,BR,1562874791,69,-30.17,-50.22,61.05,6.58
115,Torbay,90,CA,1562874548,93,47.66,-52.73,51.8,10.29
116,Nikolskoye,40,RU,1562874654,61,59.7,30.79,51.01,4.47
117,San Patricio,10,PY,1562875020,79,-26.98,-56.83,70.95,5.55
118,Hithadhoo,41,MV,1562874632,75,-0.6,73.08,84.27,12.06
119,Warrnambool,83,AU,1562875022,99,-38.38,142.48,53.01,5.99
120,Eyl,100,SO,1562875024,66,7.98,49.82,78.87,26.22
121,Shenjiamen,40,CN,1562875025,91,29.96,122.3,75.27,8.23
122,El Alto,20,BO,1562875026,8,-16.5,-68.19,60.8,5.82
123,Srednekolymsk,10,RU,1562874748,39,67.46,153.71,80.85,6.69
124,Bilibino,74,RU,1562875028,30,68.06,166.44,76.35,6.13
125,Jilin,51,CN,1562875030,94,43.84,126.54,64.83,4.72
126,Ewa Beach,75,US,1562875031,83,21.32,-158.01,86.0,10.29
127,Port Hedland,100,AU,1562875032,30,-20.31,118.58,68.0,9.17
128,Mingaora,0,PK,1562874907,75,34.78,72.36,70.77,3.8
129,East London,0,ZA,1562875034,72,-33.02,27.91,56.19,7.38
130,Naantali,0,FI,1562875036,62,60.45,22.03,59.0,4.7
131,Mahon,20,IE,1562875037,68,51.89,-8.4,64.4,13.87
132,Sulangan,2,PH,1562875038,72,11.14,123.72,83.01,3.85
133,Bluff,0,AU,1562874631,56,-23.58,149.07,54.21,2.95
134,Bethel,90,US,1562874785,93,60.79,-161.76,66.2,6.93
135,Kingman,1,US,1562875042,6,35.19,-114.05,111.99,17.22
136,Buzmeyin,40,TM,1562875043,40,38.05,58.21,86.0,2.24
137,Anadyr,0,RU,1562875044,63,64.73,177.51,64.4,5.57
138,Shawville,75,CA,1562875045,67,45.61,-76.49,84.99,1.01
139,Vilyuysk,89,RU,1562875046,68,63.75,121.63,68.43,2.21
140,Hasaki,75,JP,1562875048,93,35.73,140.83,66.2,4.7
141,Ampanihy,0,MG,1562875049,89,-24.69,44.75,61.41,3.87
142,Airai,0,TL,1562875050,85,-8.93,125.41,66.09,5.39
143,Ponta do Sol,0,BR,1562874654,52,-20.63,-46.0,60.15,1.39
144,Jacareacanga,0,BR,1562875053,51,-6.22,-57.76,86.07,2.39
145,Hami,100,CN,1562874675,33,42.84,93.51,77.25,8.05
146,Isiolo,46,KE,1562875055,63,0.35,37.58,71.85,19.84
147,Haapiti,40,PF,1562875056,69,-17.57,-149.87,82.4,9.17
148,Oistins,40,BB,1562875058,62,13.07,-59.53,87.8,17.22
149,Bertinoro,0,IT,1562875059,53,44.15,12.13,77.0,5.82
150,Brownwood,1,US,1562874961,41,31.71,-98.99,96.01,8.05
151,Hermanus,100,ZA,1562874650,90,-34.42,19.24,57.99,10.63
152,Ancud,90,CL,1562874983,93,-41.87,-73.83,48.2,11.41
153,Adrar,24,DZ,1562875064,12,27.87,-0.29,111.2,9.17
154,Gilgit,0,PK,1562875065,38,35.92,74.31,53.85,2.21
155,Shingu,96,JP,1562874857,97,33.72,135.99,69.15,3.42
156,Alexandria,7,RO,1562875067,73,43.97,25.33,60.51,7.31
157,Dudinka,0,RU,1562875068,62,69.41,86.18,53.6,6.71
158,Arraial do Cabo,0,BR,1562875070,64,-22.97,-42.02,73.4,9.17
159,Balikpapan,40,ID,1562875071,99,-1.24,116.86,70.41,2.84
160,Nanortalik,100,GL,1562874583,92,60.14,-45.24,39.63,5.48
161,Nishihara,75,JP,1562875073,100,35.74,139.53,68.0,6.93
162,Onega,100,RU,1562875074,88,63.91,38.09,45.03,14.83
163,Gidole,40,ET,1562875076,64,5.65,37.37,72.03,2.19
164,Lebu,75,ET,1562874634,87,8.96,38.73,60.8,2.24
165,Zhaotong,100,CN,1562875078,98,27.34,103.71,58.17,4.23
166,Batuan,100,CN,1562875079,97,27.04,113.72,73.11,4.14
167,Micheweni,9,TZ,1562875080,77,-4.97,39.83,78.15,16.91
168,Alzamay,100,RU,1562875082,83,55.55,98.67,58.35,2.24
169,Khatanga,1,RU,1562874783,60,71.98,102.47,50.25,8.3
170,Avera,1,US,1562874703,49,33.19,-82.53,95.0,9.17
171,Namibe,87,AO,1562874706,81,-15.19,12.15,65.37,7.85
172,Cobija,75,BR,1562875087,52,-11.02,-68.77,89.6,5.82
173,Oranjemund,0,ZA,1562875088,86,-28.55,16.43,56.19,8.19
174,Vila Franca do Campo,20,PT,1562875089,73,37.72,-25.43,73.4,10.29
175,Pangai,75,TO,1562875090,88,-19.8,-174.35,75.2,16.11
176,Sabha,0,LY,1562875092,12,27.03,14.43,90.03,4.7
177,Shieli,0,KZ,1562875093,18,44.18,66.74,88.23,17.49
178,Pisco,0,PE,1562874626,30,-13.71,-76.2,71.6,10.29
179,Kisangani,100,CD,1562875095,97,0.52,25.21,70.23,2.68
180,Phulji,0,PK,1562875096,46,26.88,67.68,93.99,10.36
181,Hobart,20,AU,1562874578,65,-42.88,147.33,46.99,21.92
182,Eirunepe,13,BR,1562875099,72,-6.66,-69.87,81.93,2.19
183,Misratah,0,LY,1562875100,83,32.38,15.09,79.59,7.47
184,Chimbote,39,PE,1562875101,91,-9.08,-78.59,62.67,10.07
185,Yulara,100,AU,1562874662,33,-25.24,130.99,46.4,5.82
186,Muros,0,ES,1562875104,72,42.77,-9.06,78.8,9.17
187,Buala,87,SB,1562875105,83,-8.15,159.59,80.85,12.37
188,Avarua,3,CK,1562874629,94,-21.21,-159.78,69.8,2.24
189,Churapcha,0,RU,1562875107,75,62.0,132.43,70.05,2.28
190,Acapulco,75,MX,1562875108,66,16.86,-99.88,89.6,3.36
191,Quimperle,0,FR,1562875110,72,47.87,-3.55,66.99,10.29
192,Shimoda,90,JP,1562875111,94,34.7,138.93,68.0,9.17
193,Sisimiut,45,GL,1562875112,93,66.94,-53.67,41.43,5.91
194,Biggar,29,CA,1562875114,58,52.06,-107.98,71.31,11.81
195,Cururupu,13,BR,1562875115,90,-1.82,-44.87,76.17,3.4
196,Bathsheba,40,BB,1562874745,62,13.22,-59.52,87.8,17.22
197,Irondequoit,1,US,1562875117,54,43.21,-77.58,88.0,4.7
198,Coihaique,75,CL,1562874680,93,-45.58,-72.07,46.4,4.7
199,Tuktoyaktuk,90,CA,1562874779,86,69.44,-133.03,39.2,13.87
200,Casablanca,20,MA,1562874990,73,33.6,-7.62,73.4,10.29
201,Prince Rupert,90,CA,1562875122,88,54.32,-130.32,62.6,5.82
202,Laguna,20,BZ,1562875123,70,16.17,-88.94,89.6,9.17
203,Palmer,40,AU,1562874708,82,-34.85,139.16,57.2,17.22
204,Yumen,0,CN,1562875125,23,40.29,97.04,72.75,6.98
205,Talnakh,0,RU,1562875096,62,69.49,88.39,53.6,6.71
206,Charters Towers,2,AU,1562875128,58,-20.07,146.27,57.27,7.74
207,Djibo,13,BF,1562875129,32,14.1,-1.63,94.71,3.89
208,Kirakira,100,SB,1562875130,84,-10.46,161.92,79.23,8.57
209,Southern Pines,40,US,1562874963,49,35.17,-79.39,93.99,10.29
210,Mashhad,0,IR,1562875132,23,36.3,59.61,82.4,6.93
211,La Paz,5,MX,1562874979,30,24.15,-110.32,96.01,16.11
212,Barrow,100,AR,1562874606,71,-38.31,-60.23,53.31,2.37
213,Fermoy,20,IE,1562875110,68,52.14,-8.28,64.4,13.87
214,Faya,20,SA,1562875074,46,18.39,42.45,73.4,5.82
215,Rio Gallegos,90,AR,1562875138,100,-51.62,-69.22,39.2,13.18
216,Sainte-Marie,75,CA,1562875140,64,46.45,-71.03,73.4,10.29
217,Mbandaka,100,CD,1562875141,90,0.05,18.26,71.31,2.46
218,Great Yarmouth,20,GB,1562875142,77,52.61,1.73,69.01,4.7
219,Kozhva,99,RU,1562875143,86,65.11,57.05,48.63,7.61
220,Ranau,75,MY,1562875145,88,5.95,116.67,75.2,5.82
221,Jiangyou,65,CN,1562875146,95,31.78,104.73,57.09,3.11
222,Tasiilaq,40,GL,1562874601,81,65.61,-37.64,42.8,9.17
223,Iberia,71,PE,1562875149,40,-11.41,-69.49,88.05,3.29
224,Castro,90,CL,1562874734,93,-42.48,-73.76,48.2,11.41
225,Antibes,40,FR,1562874945,78,43.58,7.11,80.6,4.7
226,Bulungu,100,CD,1562875152,47,-4.54,18.6,76.35,2.04
227,Kastamonu,78,TR,1562875153,98,41.38,33.78,51.15,3.13
228,Lucapa,18,AO,1562875155,28,-8.42,20.74,68.97,4.9
229,Amapa,40,HN,1562875156,52,15.09,-87.97,93.2,13.87
230,Zaranj,0,AF,1562875157,24,30.95,61.86,93.2,21.92
231,Santa Cruz de las Flores,75,MX,1562875158,53,20.39,-103.95,77.0,8.05
232,Richmond Hill,75,CA,1562875160,78,43.88,-79.44,84.99,16.11
233,Poronaysk,100,RU,1562875161,98,49.22,143.1,49.89,2.86
234,Ostrovnoy,100,RU,1562875162,97,68.05,39.51,40.17,27.94
235,Turbat,94,PK,1562875163,79,26.0,63.05,80.67,4.56
236,Cherskiy,99,RU,1562874677,45,68.75,161.3,73.65,4.07
237,Freeport,75,BS,1562875166,55,26.54,-78.7,91.4,5.82
238,Rivers,75,CA,1562875167,58,50.03,-100.23,82.4,20.8
239,Rawson,0,AR,1562875168,46,-43.3,-65.11,48.63,5.39
240,Naze,75,NG,1562874794,94,5.43,7.07,75.2,2.24
241,Vedasandur,98,IN,1562875170,62,10.53,77.95,77.43,3.29
242,Coquimbo,20,CL,1562875172,76,-29.95,-71.34,61.0,14.99
243,Norman Wells,75,CA,1562874668,76,65.28,-126.83,51.8,14.99
244,Siderno,20,IT,1562875174,61,38.28,16.3,78.8,4.7
245,Morondava,0,MG,1562875175,56,-20.3,44.28,74.37,19.06
246,Te Anau,100,NZ,1562874766,89,-45.41,167.72,41.25,3.85
247,Kahului,20,US,1562875178,45,20.89,-156.47,86.0,11.41
248,Tutoia,75,BR,1562875179,74,-2.76,-42.27,80.6,6.93
249,Hambantota,98,LK,1562875180,81,6.12,81.12,82.11,15.61
250,Kalamaria,20,GR,1562875181,64,40.58,22.95,73.0,4.7
251,Wahpeton,1,US,1562875030,50,46.27,-96.61,82.99,9.17
252,Portland,90,US,1562875184,93,43.66,-70.25,75.99,8.05
253,Saldanha,0,PT,1562875185,36,41.42,-6.55,80.85,4.45
254,Vulcanesti,77,MD,1562875186,68,45.68,28.4,59.43,7.38
255,Pimentel,2,BR,1562875187,95,-3.7,-45.5,75.45,3.6
256,Kavaratti,100,IN,1562875189,82,10.57,72.64,83.01,12.53
257,Aleksandrov Gay,100,RU,1562875190,92,50.14,48.57,61.77,6.13
258,Porto Novo,0,BR,1562875114,53,-23.68,-45.44,71.6,8.05
259,Along,100,IN,1562875192,97,28.17,94.8,57.99,1.88
260,Gornopravdinsk,22,RU,1562875193,95,60.06,69.92,58.71,4.76
261,Maltahohe,0,NA,1562875195,30,-24.83,16.98,48.99,3.94
262,Krasnorechenskiy,100,RU,1562875196,82,44.63,135.35,56.37,3.38
263,Guiratinga,0,BR,1562875197,33,-16.35,-53.76,76.17,1.57
264,Savannah Bight,89,HN,1562875077,76,16.45,-85.85,83.73,16.62
265,Kandrian,53,PG,1562875200,78,-6.21,149.55,72.39,13.44
266,Miraflores,0,PE,1562874973,17,-16.39,-71.52,64.4,11.41
267,Okhotsk,22,RU,1562875068,67,59.36,143.24,61.05,1.86
268,Road Town,40,VG,1562875037,62,18.42,-64.62,89.6,10.29
269,Bowen,0,AU,1562875205,100,-20.01,148.25,63.0,4.7
270,Luderitz,0,NA,1562875108,77,-26.65,15.16,57.27,6.44
271,Hermiston,40,US,1562875115,31,45.84,-119.29,87.8,6.93
272,Tuatapere,100,NZ,1562874676,88,-46.13,167.69,44.01,4.0
273,Mandan,1,US,1562875209,61,46.83,-100.89,84.99,12.75
274,Grahamstown,0,ZA,1562875181,86,-33.31,26.53,63.0,5.99
275,Krasnoarmeyskoye,90,RU,1562875212,56,51.2,45.92,68.0,6.71
276,Caravelas,22,BR,1562874771,70,-17.73,-39.27,72.03,5.57
277,Koryukivka,59,UA,1562875214,92,51.77,32.25,53.13,2.8
278,Klaksvik,54,FO,1562874670,100,62.23,-6.59,51.8,10.29
279,Alyangula,100,AU,1562875217,94,-13.85,136.42,68.0,6.91
280,Magadan,0,RU,1562875218,79,59.56,150.8,53.67,1.72
281,Bad Frankenhausen,40,DE,1562875219,100,51.36,11.1,62.01,6.93
282,Kalmunai,59,LK,1562875220,87,7.42,81.82,77.07,3.18
283,Goderich,50,CA,1562875221,71,43.74,-81.71,73.99,15.99
284,Atasu,79,KZ,1562875223,35,48.68,71.64,71.13,12.03
285,Georgetown,40,GY,1562874356,79,6.8,-58.16,84.2,6.93
286,Celestun,100,MX,1562875225,76,20.87,-90.4,83.01,14.12
287,Sao Joao da Barra,0,BR,1562875226,36,-21.64,-41.05,80.6,4.7
288,Clyde River,75,CA,1562875049,62,70.47,-68.59,55.4,24.16
289,Ballina,75,IE,1562875229,87,54.11,-9.15,60.01,11.41
290,Bilma,49,NE,1562875230,8,18.69,12.92,93.45,3.38
291,Kyren,100,RU,1562875232,98,51.68,102.13,49.17,3.4
292,Ust-Nera,77,RU,1562875233,70,64.57,143.24,62.49,4.92
293,Macau,15,BR,1562875234,67,-5.11,-36.64,80.85,15.93
294,Nynashamn,0,SE,1562875236,63,58.9,17.95,62.6,9.17
295,Malangali,0,TZ,1562875237,61,-8.57,34.85,65.01,8.1
296,Bongandanga,100,CD,1562875238,91,1.51,21.07,69.87,1.86
297,Dongying,0,CN,1562874749,68,37.43,118.67,75.45,3.62
298,Severo-Kurilsk,100,RU,1562875241,97,50.68,156.12,43.05,8.08
299,Tilichiki,88,RU,1562875242,80,60.47,166.1,55.47,5.03
300,Port Lincoln,79,AU,1562875243,76,-34.72,135.86,57.45,32.64
301,Hyeres,0,FR,1562875244,65,43.12,6.14,80.6,12.75
302,Sao Filipe,5,CV,1562874753,85,14.9,-24.5,71.85,15.79
303,Provideniya,75,RU,1562874743,81,64.42,-173.23,50.0,2.24
304,Bogorodskoye,100,RU,1562875249,94,52.37,140.44,60.69,0.74
305,Pitimbu,40,BR,1562875250,69,-7.47,-34.81,80.6,12.75
306,Pyaozerskiy,100,RU,1562875251,75,65.83,31.17,45.03,13.96
307,Iisalmi,0,FI,1562875253,93,63.56,27.19,50.0,2.24
308,Antofagasta,75,CL,1562875204,72,-23.65,-70.4,59.0,13.87
309,Tateyama,68,JP,1562875255,90,36.66,137.31,77.0,1.99
310,College,90,US,1562875256,77,64.86,-147.8,75.2,3.36
311,Sarangani,99,PH,1562875257,71,5.4,125.46,82.29,4.12
312,Bonavista,100,CA,1562875259,83,48.65,-53.11,48.99,8.01
313,Henties Bay,0,NA,1562874981,92,-22.12,14.28,55.0,5.99
314,High Level,40,CA,1562875261,29,58.52,-117.13,75.2,9.17
315,Marsh Harbour,54,BS,1562875128,70,26.54,-77.06,84.63,7.7
316,Port Keats,26,AU,1562875264,62,-14.25,129.55,65.55,10.36
317,Belyy Yar,0,RU,1562875265,77,53.6,91.39,60.8,4.47
318,Aksarka,100,RU,1562875266,87,66.56,67.8,55.47,9.24
319,Neiafu,75,TO,1562875267,100,-18.65,-173.98,73.4,3.36
320,Fortuna,75,US,1562874784,72,40.6,-124.16,82.99,12.75
321,Tomatlan,100,MX,1562875270,67,19.93,-105.25,85.17,9.08
322,Gazanjyk,0,TM,1562875271,22,39.24,55.52,94.53,8.86
323,Ketchikan,90,US,1562875039,93,55.34,-131.65,60.8,14.99
324,Samarai,100,PG,1562875273,83,-10.62,150.67,69.33,8.01
325,Iskateley,99,RU,1562875274,96,67.68,53.15,47.73,3.96
326,Kaohsiung,75,TW,1562875276,94,22.62,120.31,78.01,2.24
327,Nyurba,16,RU,1562875277,72,63.29,118.35,67.17,2.08
328,Anchorage,90,US,1562875206,77,61.22,-149.89,61.0,3.36
329,Fomboni,38,KM,1562875279,78,-12.28,43.74,76.53,17.4
330,Guerrero Negro,0,MX,1562874500,85,27.97,-114.04,67.89,18.97
331,Taoudenni,58,ML,1562874727,17,22.68,-3.98,101.91,7.31
332,Pacific Grove,1,US,1562875283,35,36.62,-121.92,90.0,5.82
333,Nago,40,IT,1562875284,57,45.88,10.89,80.6,4.7
334,Le Port,0,FR,1562875285,83,42.87,1.37,75.0,3.87
335,Esperance,90,AU,1562874705,100,-33.86,121.89,51.8,8.05
336,Tura,99,RU,1562875287,82,64.27,100.22,58.35,9.62
337,Deogarh,99,IN,1562875289,90,21.53,84.72,75.99,5.7
338,Eureka,75,US,1562875209,88,40.8,-124.16,82.99,9.17
339,Comodoro Rivadavia,0,AR,1562875231,54,-45.87,-67.48,55.4,6.93
340,Salinopolis,5,BR,1562875172,79,-0.61,-47.36,81.21,17.81
341,Alcazar de San Juan,0,ES,1562875293,16,39.39,-3.21,95.0,3.36
342,Raha,100,IN,1562875295,94,26.23,92.52,77.25,6.22
343,Itacoatiara,20,BR,1562875262,66,-3.14,-58.44,89.6,4.7
344,Clarence Town,0,AU,1562875297,62,-32.59,151.78,55.99,10.29
345,Bay-Khaak,100,RU,1562875298,68,51.16,94.47,58.71,6.17
346,Kattivakkam,40,IN,1562875299,66,13.22,80.32,87.8,6.93
347,Taksimo,48,RU,1562875301,70,56.36,114.84,63.57,1.45
348,Calama,0,CL,1562875302,14,-22.46,-68.93,69.8,18.34
349,Taltal,4,CL,1562875303,76,-25.41,-70.49,55.83,4.14
350,Keetmanshoop,0,NA,1562875304,14,-26.57,18.15,68.0,3.36
351,Bahia Blanca,100,AR,1562875087,82,-38.72,-62.27,51.15,2.71
352,Elizabeth City,1,US,1562875113,59,36.3,-76.22,93.2,12.75
353,Saint George,40,GR,1562875308,60,39.45,22.34,69.8,6.93
354,Montrose,20,GB,1562875309,72,56.71,-2.47,68.0,9.17
355,Biloela,0,AU,1562875311,63,-24.4,150.51,48.45,1.97
356,Korop,0,UA,1562875312,92,51.57,32.95,53.49,5.03
357,Changying,0,CN,1562875313,76,52.87,123.32,62.67,1.48
358,Sussex,75,CA,1562875191,43,45.72,-65.51,75.0,9.17
359,Gamba,100,CN,1562875316,69,28.28,88.52,44.31,5.28
360,Hailar,0,CN,1562875317,73,49.2,119.7,62.31,2.75
361,Aitape,67,PG,1562875318,85,-3.15,142.36,74.91,2.66
362,Dzhebariki-Khaya,0,RU,1562875319,75,62.22,135.8,69.15,3.24
363,Cangzhou,0,CN,1562875320,65,38.3,116.85,73.65,3.2
364,Bosaso,82,SO,1562875322,71,11.28,49.18,87.33,6.6
365,Matay,0,EG,1562875323,32,28.42,30.79,86.43,16.26
366,Lagoa,0,PT,1562875110,61,37.14,-8.45,78.8,4.7
367,Benguela,100,AO,1562875325,86,-12.58,13.4,68.61,12.08
368,Poya,0,NC,1562875326,70,-21.35,165.16,69.69,7.83
369,Macon,40,US,1562875223,55,32.84,-83.63,95.0,9.17
370,Roanoke Rapids,75,US,1562875225,74,36.46,-77.65,93.0,6.93
371,Oktyabrskiy,75,RU,1562875126,87,55.61,37.97,55.4,4.47
372,Isangel,20,VU,1562875331,83,-19.55,169.27,73.4,12.55
373,Whitehorse,40,CA,1562875089,49,60.72,-135.06,72.0,3.36
374,Herat,0,AF,1562875333,21,34.35,62.22,82.4,3.36
375,Torres,65,BR,1562875071,85,-29.34,-49.73,59.79,1.61
376,Opuwo,0,NA,1562875228,37,-18.06,13.84,52.41,3.96
377,Sibolga,83,ID,1562875337,77,1.74,98.78,82.65,7.76
378,Paldiski,0,EE,1562875338,76,59.35,24.08,53.01,2.24
379,Necochea,100,AR,1562875226,88,-38.55,-58.74,60.01,1.01
380,Beyneu,0,KZ,1562875341,25,45.32,55.19,89.13,7.76
381,Muskegon,90,US,1562875225,56,43.23,-86.25,82.99,14.99
382,Grand Gaube,20,MU,1562875343,88,-20.01,57.66,66.2,8.05
383,Leshukonskoye,85,RU,1562875344,94,64.9,45.76,37.47,7.43
384,Salinas,1,US,1562875191,35,36.67,-121.66,87.01,5.82
385,Nagato,40,JP,1562875347,73,34.35,131.14,73.4,3.36
386,Grand-Lahou,100,CI,1562875348,91,5.24,-5.0,72.21,3.65
387,Richards Bay,0,ZA,1562875349,78,-28.77,32.06,70.95,19.48
388,Ormara,100,PK,1562875350,71,25.21,64.64,83.37,7.58
389,Maldonado,0,UY,1562875352,77,-34.91,-54.96,62.6,3.36
390,Nelson Bay,0,AU,1562875353,62,-32.72,152.14,55.99,10.29
391,Premia de Mar,0,ES,1562875354,69,41.49,2.37,84.0,14.99
392,Skegness,75,GB,1562875355,72,53.14,0.34,70.0,8.05
393,Gondanglegi,70,ID,1562875356,96,-7.75,112.01,67.35,5.73
394,Carnot,100,CF,1562875358,95,4.94,15.87,67.89,3.65
395,Baixa Grande,44,BR,1562875359,76,-11.96,-40.17,68.97,5.37
396,Rancho Palos Verdes,5,US,1562875360,69,33.75,-118.37,93.0,11.41
397,Kumta,98,IN,1562875361,84,14.42,74.4,81.57,7.31
398,Sioux Lookout,40,CA,1562875363,44,50.1,-91.92,77.0,10.29
399,Kudymkar,35,RU,1562875364,97,59.01,54.66,51.87,6.24
400,Stryn,0,NO,1562875365,60,61.9,6.72,69.8,8.05
401,Pevek,34,RU,1562875366,73,69.7,170.27,46.65,7.96
402,Katherine,40,AU,1562875368,64,-14.47,132.26,69.8,6.93
403,Coro,0,VE,1562875369,70,11.41,-69.67,81.21,29.19
404,Zhob,0,PK,1562875370,40,31.34,69.45,76.71,2.1
405,Saint-Louis,40,SN,1562875371,74,16.03,-16.5,78.8,6.93
406,Nioro,100,GM,1562875373,54,13.79,-15.05,84.63,14.72
407,Davila,0,PH,1562875374,78,18.47,120.58,83.19,9.57
408,Mangrol,97,IN,1562875375,65,25.33,76.51,85.35,12.71
409,Nizhneangarsk,3,RU,1562875376,69,55.78,109.57,58.71,5.82
410,Sitka,96,US,1562875236,31,37.17,-99.65,89.13,4.05
411,Mazara del Vallo,20,IT,1562875379,88,37.65,12.59,80.6,5.82
412,Banepa,75,NP,1562875380,100,27.63,85.52,68.0,12.75
413,Luyang,0,CN,1562875381,88,31.88,117.26,73.4,2.24
414,Yabelo,77,ET,1562875382,81,4.89,38.09,62.31,5.97
415,Kendari,22,ID,1562875384,96,-3.99,122.52,68.43,2.08
416,Madimba,100,CM,1562875385,97,4.42,9.93,71.85,0.45
417,Karratha,0,AU,1562875386,27,-20.74,116.85,67.71,12.75
418,Nalut,0,LY,1562875387,54,31.86,10.98,79.59,15.43
419,Alofi,71,NU,1562875388,94,-19.06,-169.92,75.2,9.17
420,Cap Malheureux,20,MU,1562875390,88,-19.98,57.61,66.2,8.05
421,Diamantino,0,BR,1562875391,35,-14.4,-56.44,82.47,0.54
422,Mayor Pablo Lagerenza,0,PY,1562875392,31,-19.93,-60.77,88.59,12.84
423,Broome,20,GB,1562875393,77,52.47,1.45,69.8,4.7
424,Virginia,90,US,1562875395,61,39.95,-90.21,84.99,5.82
425,Baraboo,1,US,1562875364,34,43.47,-89.74,82.99,6.93
426,Bara,91,NG,1562875397,91,10.41,10.6,71.67,8.88
427,Buin,75,CL,1562875398,38,-33.73,-70.74,59.0,2.24
428,Key Largo,40,US,1562875400,70,25.09,-80.45,90.0,11.41
429,Chulman,0,RU,1562875401,87,56.84,124.9,58.89,2.13
430,Mumford,100,GH,1562875402,93,5.26,-0.76,72.39,5.59
431,Hirara,0,JP,1562875403,83,24.8,125.28,83.91,17.74
432,Uinskoye,74,RU,1562875405,96,56.88,56.58,53.67,5.57
433,Kaabong,98,UG,1562875406,94,3.51,34.14,60.87,3.33
434,Maumere,5,ID,1562875407,81,-8.63,122.22,71.67,6.17
435,Gotsu,100,JP,1562875408,86,35.01,132.22,72.57,20.62
436,Riwaka,100,NZ,1562875410,97,-41.08,173.0,51.01,1.1
437,Nome,40,US,1562875411,67,30.04,-94.42,96.8,8.05
438,Kashin,0,RU,1562875412,85,57.36,37.61,40.89,3.49
439,Banjar,100,ID,1562875413,95,-7.37,108.54,68.79,1.3
440,Poum,40,MK,1562875414,72,41.28,20.71,60.8,5.82
441,Ashtian,0,IR,1562875416,27,34.52,50.0,68.79,1.32
442,Goldsboro,40,US,1562875417,59,35.38,-77.99,96.8,12.75
443,Bichena,66,ET,1562875418,80,10.45,38.2,53.67,2.17
444,Salalah,90,OM,1562875419,88,17.01,54.1,80.6,6.93
445,Aasiaat,100,GL,1562875421,91,68.71,-52.87,40.89,0.81
446,Maniitsoq,19,GL,1562875422,86,65.42,-52.9,45.75,4.56
447,Griffith,90,AU,1562875423,87,-34.29,146.06,50.0,11.41
448,Turukhansk,88,RU,1562875425,55,65.8,87.96,58.89,12.64
449,Sungaipenuh,0,ID,1562875426,91,-2.08,101.38,70.95,3.36
450,Sawtell,0,AU,1562875427,81,-30.38,153.1,46.4,3.36
451,Canyon Lake,1,US,1562875428,35,33.68,-117.26,99.0,8.05
452,Asosa,98,ET,1562875430,99,10.07,34.53,64.65,3.42
453,Lazaro Cardenas,40,MX,1562875431,25,28.39,-105.62,91.0,6.93
454,San Cristobal,20,HN,1562875432,43,14.68,-86.92,86.43,8.88
455,Hastings,20,NZ,1562875285,86,-39.64,176.84,43.95,2.24
456,Victoria,75,BN,1562875435,88,5.28,115.24,78.8,3.58
457,Mecca,33,SA,1562875436,28,21.43,39.83,83.91,3.24
458,Atar,87,MR,1562875338,16,20.52,-13.05,95.97,5.01
459,Namatanai,100,PG,1562875438,80,-3.66,152.44,77.43,23.17
460,Nacala,56,MZ,1562875440,88,-14.56,40.69,65.73,6.85
461,Le Moule,40,GP,1562875204,70,16.33,-61.35,84.2,11.41
462,Santa Cruz del Sur,100,CU,1562875442,48,20.71,-78.0,92.37,4.83
463,Thaton,100,MM,1562875443,78,16.91,97.37,82.29,9.69
464,Kamaishi,100,JP,1562875444,99,39.28,141.86,55.65,3.89
465,Doha,0,QA,1562875446,55,25.29,51.53,91.4,1.12
466,Skjervoy,0,NO,1562875447,76,70.03,20.97,53.6,8.05
467,Sibu,100,MY,1562875448,91,2.29,111.83,76.89,1.52
468,Washington DC.,75,US,1562875445,58,38.9,-77.04,88.0,12.75
469,Wakkanai,92,JP,1562875451,91,45.41,141.67,60.51,1.54
470,Sar-e Pul,0,AF,1562875452,15,36.22,65.93,85.17,9.31
471,Pedasi,100,PA,1562875453,78,7.53,-80.03,80.13,1.86
472,Tezu,100,IN,1562875454,97,27.93,96.16,69.15,5.5
473,Klyuchi,0,RU,1562875456,83,52.25,79.17,57.27,7.9
474,Bristol,100,GB,1562875457,77,51.45,-2.6,68.0,13.87
475,Yenagoa,100,NG,1562875458,95,4.92,6.26,73.83,7.61
476,Montepuez,35,MZ,1562875459,78,-13.13,39.0,63.03,5.01
477,Teya,75,MX,1562875461,53,21.05,-89.07,98.01,4.7
478,Manicore,40,BR,1562875462,62,-5.81,-61.3,87.8,4.7
479,Monrovia,40,LR,1562875463,94,6.33,-10.8,75.2,10.27
480,Gigmoto,67,PH,1562875464,74,13.78,124.39,82.65,5.14
481,Narsaq,20,GL,1562875466,62,60.91,-46.05,53.6,6.93
482,Novikovo,29,RU,1562875407,91,51.15,37.89,53.85,5.35
483,Conakry,75,GN,1562875468,83,9.52,-13.7,78.8,9.17
484,Christchurch,71,NZ,1562875469,100,-43.53,172.64,48.99,5.82
485,Koulikoro,20,ML,1562875471,78,12.86,-7.56,82.4,4.7
486,Kimbe,34,PG,1562875472,80,-5.56,150.15,70.95,5.06
487,Berlevag,0,NO,1562875473,81,70.86,29.09,48.2,9.17
488,Batemans Bay,12,AU,1562875474,68,-35.71,150.18,52.0,1.01
489,Darnah,0,LY,1562875476,86,32.77,22.64,77.43,15.05
490,Grimstad,90,NO,1562875477,87,66.94,13.72,59.0,1.12
491,Mandera,99,ET,1562875478,64,3.94,41.86,79.59,13.91
492,Taybad,0,IR,1562875479,18,34.74,60.78,78.69,12.48
493,Ratnagiri,100,IN,1562875481,85,16.98,73.3,81.57,18.59
494,Chongwe,0,ZM,1562875482,50,-15.33,28.68,57.2,8.05
495,Vardo,90,US,1562875483,94,39.62,-77.74,86.0,6.93
496,Kiama,5,AU,1562875484,54,-34.67,150.86,57.2,23.04
497,Dongfeng,90,CN,1562875486,92,42.67,125.53,61.95,5.48
498,Felipe Carrillo Puerto,96,MX,1562875487,36,19.58,-88.05,97.59,7.16
499,Soc Trang,93,VN,1562875488,94,9.6,105.98,78.8,2.24
500,Pandan,63,PH,1562875489,75,11.72,122.09,82.65,1.63
501,Axim,100,GH,1562875490,87,4.87,-2.24,75.63,10.56
502,Auki,75,NG,1562875492,74,12.18,6.51,75.81,13.87
503,Tocopilla,87,CL,1562875493,86,-22.09,-70.2,58.71,12.88
504,Dhuri,67,IN,1562875494,52,30.37,75.86,92.73,10.85
505,Vysokogornyy,100,RU,1562875496,99,50.1,139.13,60.33,0.85
506,Bandarbeyla,85,SO,1562875497,66,9.49,50.81,79.59,25.57
507,Tonekabon,20,IR,1562875498,83,36.82,50.88,78.8,4.7
508,Preobrazheniye,100,RU,1562875499,98,42.9,133.91,56.55,2.93
509,Carutapera,18,BR,1562875500,84,-1.2,-46.02,77.61,7.14
510,Kupang,0,ID,1562875502,74,-10.16,123.6,75.27,16.4
511,Huarmey,0,PE,1562875503,88,-10.07,-78.15,63.21,12.68
512,Lamar,1,US,1562875447,24,38.09,-102.62,95.0,3.36
513,Pangody,31,RU,1562875505,96,65.85,74.49,57.63,13.82
514,Maceio,75,BR,1562875223,83,-9.67,-35.74,77.0,13.87
515,Berdigestyakh,0,RU,1562875508,70,62.1,126.7,65.91,1.48
516,Sfantu Gheorghe,20,RO,1562875509,63,44.65,26.83,69.01,6.93
517,Wukari,100,NG,1562875510,94,7.87,9.78,72.75,1.61
518,Nizip,0,TR,1562875512,30,37.01,37.79,82.4,19.46
519,Rafaela,100,AR,1562875513,43,-31.25,-61.49,78.01,1.99
520,Touros,20,BR,1562875514,69,-5.2,-35.46,80.6,9.17
521,Fiche,41,ET,1562875515,73,9.77,38.74,63.39,4.52
522,Sharkan,27,RU,1562875517,92,57.3,53.87,55.99,7.02
523,Zhigansk,100,RU,1562875518,55,66.77,123.37,71.13,6.22
524,Qujing,100,CN,1562875519,97,25.49,103.8,60.51,8.7
525,Puerto Colombia,40,CO,1562875520,66,10.99,-74.96,87.8,8.05
526,Bereda,40,ES,1562875522,88,43.27,-7.54,72.0,8.05
527,Honningsvag,0,NO,1562875523,66,70.98,25.97,48.2,13.87
528,Kalianget,97,ID,1562875524,96,-7.35,109.91,67.17,0.47
529,Ponta Delgada,20,PT,1562875525,73,37.73,-25.67,73.4,10.29
530,Leningradskiy,6,RU,1562875429,68,69.38,178.42,50.25,7.67
531,Marsa Matruh,0,EG,1562875391,54,31.35,27.25,84.2,4.7
532,Tupiza,100,BO,1562875529,12,-21.44,-65.72,55.29,13.78
533,Ahuimanu,75,US,1562875530,83,21.44,-157.84,86.0,10.29
534,Bichura,8,RU,1562875531,89,50.59,107.6,58.17,2.24
535,Singaraja,100,ID,1562875533,71,-8.11,115.08,77.61,7.65
536,Mana,100,NG,1562875534,53,13.03,5.27,86.97,15.37
537,Baykit,0,RU,1562875535,81,61.68,96.39,44.49,4.68
538,Khandyga,0,RU,1562875536,61,62.65,135.58,73.11,3.29
539,Ust-Charyshskaya Pristan,0,RU,1562875538,91,52.39,83.67,54.75,8.5
540,Valparaiso,1,US,1562875539,69,41.47,-87.06,82.99,9.17
541,Deputatskiy,67,RU,1562875540,77,69.3,139.9,61.05,1.25
542,Sangar,80,RU,1562875541,63,63.92,127.47,68.25,1.25
543,Kargasok,89,RU,1562875542,87,59.06,80.87,60.87,5.26
544,Plettenberg Bay,98,ZA,1562875544,84,-34.05,23.37,56.37,8.16
545,Kayerkan,0,RU,1562875545,62,69.35,87.76,53.6,6.71
546,Kilindoni,60,TZ,1562875546,78,-7.91,39.67,78.69,19.95
547,Praid,85,RO,1562875547,93,46.55,25.12,54.0,5.82
548,Namtsy,0,RU,1562875549,88,62.72,129.66,64.4,4.47
549,Jalu,0,LY,1562875550,23,29.03,21.55,89.67,11.54
550,Sosnovo-Ozerskoye,0,RU,1562875551,87,52.53,111.54,53.31,1.28
551,Shamary,58,RU,1562875553,97,57.34,58.22,52.95,5.14
552,Murray Bridge,52,AU,1562875554,86,-35.12,139.28,55.99,13.0
553,Balaipungut,1,ID,1562875555,98,1.11,101.31,73.29,2.33
554,Mirpur Sakro,75,PK,1562875556,70,24.55,67.63,86.0,13.87
555,Lexington,40,US,1562875393,62,38.05,-84.5,89.01,5.82
556,Padang,82,ID,1562875559,74,-0.92,100.36,82.83,5.88
557,Belmonte,0,PT,1562875560,40,40.36,-7.35,86.0,3.13
558,Bulolo,98,PG,1562875561,93,-7.2,146.64,59.79,2.44
559,Zabol,0,IR,1562875562,24,31.03,61.49,93.2,21.92
560,Sorland,40,NO,1562875564,93,67.67,12.69,48.2,12.75
561,Alenquer,20,BR,1562875565,66,-1.95,-54.74,87.8,11.41
